2008.07.01 00:30:00;AUD;3;Cash Rate;7.25%;7.25%;7.25%;;;
2008.07.01 00:30:00;AUD;3;RBA Rate Statement;;;;;;
2008.07.01 02:00:00;EUR;2;German Retail Sales m/m;-0.6%;0.8%;1.3%;;;
2008.07.01 02:00:00;GBP;3;Nationwide HPI m/m;-2.5%;-1.1%;-0.9%;;;
2008.07.01 02:30:00;AUD;2;Commodity Prices y/y;26.4%;;37.8%;;;
2008.07.01 03:15:00;EUR;1;Spanish Manufacturing PMI;43.8;;40.6;;;
2008.07.01 03:30:00;CHF;2;Manufacturing PMI;55.7;55.1;54.9;;;
2008.07.01 03:45:00;EUR;1;Italian Manufacturing PMI;48.0;47.6;46.9;;;
2008.07.01 03:50:00;EUR;1;French Final Manufacturing PMI;49.1;49.1;49.2;;;
2008.07.01 03:55:00;EUR;2;German Unemployment Change;2K;-15K;-38K;;;
2008.07.01 03:55:00;EUR;1;German Final Manufacturing PMI;52.3;52.4;52.6;;;
2008.07.01 04:00:00;EUR;1;Final Manufacturing PMI;49.1;49.1;49.2;;;
2008.07.01 04:30:00;GBP;3;Final Manufacturing PMI;49.5;49.8;45.8;;;
2008.07.01 05:00:00;EUR;1;Unemployment Rate;7.2%;7.1%;7.2%;;;
2008.07.01 05:00:00;CAD;0;Bank Holiday (All Day);;;;;;
2008.07.01 10:00:00;USD;3;ISM Manufacturing PMI;49.6;48.6;50.2;;;
2008.07.01 10:00:00;USD;1;Construction Spending m/m;-0.1%;-0.5%;-0.4%;;;
2008.07.01 10:00:00;USD;1;ISM Manufacturing Prices;87.0;87.1;91.5;;;
2008.07.01 10:00:00;USD;1;Total Vehicle Sales (All Day);14.3M;13.9M;13.6M;;;
2008.07.01 19:50:00;JPY;1;Monetary Base y/y;-0.9%;0.0%;0.4%;;;
2008.07.01 21:30:00;AUD;3;Building Approvals m/m;5.4%;-3.3%;-6.5%;;;
2008.07.01 21:30:00;AUD;3;Retail Sales m/m;-0.1%;0.1%;0.7%;;;
2008.07.02 03:00:00;EUR;1;Spanish Unemployment Change;15.1K;;36.8K;;;
2008.07.02 03:15:00;EUR;2;ECB President Trichet Speaks;;;;;;
2008.07.02 04:30:00;GBP;2;Construction PMI;43.9;43.1;38.8;;;
2008.07.02 04:30:00;GBP;1;Housing Equity Withdrawal q/q;7.4B;5.4B;5.0B;;;
2008.07.02 05:00:00;EUR;1;PPI m/m;0.9%;0.9%;1.2%;;;
2008.07.02 06:06:00;EUR;1;German 10-y Bond Auction;4.36|1.2;;4.66|1.1;;;
2008.07.02 07:30:00;USD;1;Challenger Job Cuts y/y;45.6%;;46.7%;;;
2008.07.02 08:15:00;USD;3;ADP Non-Farm Employment Change;25K;-20K;-79K;;;
2008.07.02 10:00:00;USD;2;Factory Orders m/m;1.3%;0.4%;0.6%;;;
2008.07.02 10:30:00;GBP;1;MPC Member Bean Speaks;;;;;;
2008.07.02 10:30:00;NZD;1;GDT Price Index;-1.2%;;1.0%;;;
2008.07.02 10:35:00;USD;2;Crude Oil Inventories;0.8M;-0.1M;-2.0M;;;
2008.07.02 11:00:00;USD;2;Treasury Sec Paulson Speaks;;;;;;
2008.07.02 12:00:00;USD;2;FOMC Member Mishkin Speaks;;;;;;
2008.07.02 19:30:00;AUD;1;AIG Services Index;49.7;;45.4;;;
2008.07.02 21:00:00;CNY;1;Non-Manufacturing PMI;60.5;;56.9;;;
2008.07.02 21:30:00;AUD;3;Trade Balance;0.01B;-1.04B;-0.97B;;;
2008.07.02 23:06:00;NZD;1;ANZ Commodity Prices m/m;0.9%;;0.0%;;;
2008.07.02 23:45:00;JPY;1;10-y Bond Auction;1.80|2.1;;1.70|3.1;;;
2008.07.03 01:45:00;CHF;3;CPI m/m;0.8%;0.4%;0.2%;;;
2008.07.03 03:15:00;EUR;1;Spanish Services PMI;43.3;;36.7;;;
2008.07.03 03:45:00;EUR;1;Italian Services PMI;48.1;47.8;48.5;;;
2008.07.03 03:50:00;EUR;1;French Final Services PMI;49.2;49.2;50.1;;;
2008.07.03 03:55:00;EUR;1;German Final Services PMI;53.3;53.3;52.1;;;
2008.07.03 04:00:00;EUR;1;Final Services PMI;49.5;49.5;49.1;;;
2008.07.03 04:30:00;GBP;3;Final Services PMI;49.8;49.5;47.1;;;
2008.07.03 04:30:00;GBP;2;BOE Credit Conditions Survey;;;;;;
2008.07.03 05:00:00;CHF;1;SNB Quarterly Bulletin;;;;;;
2008.07.03 05:00:00;EUR;2;Retail Sales m/m;-0.6%;0.4%;1.2%;;;
2008.07.03 05:02:00;EUR;1;French 10-y Bond Auction;4.61|2.3;;4.85|2.1;;;
2008.07.03 07:45:00;EUR;3;Main Refinancing Rate;4.00%;4.25%;4.25%;;;
2008.07.03 08:30:00;EUR;3;ECB Press Conference;;;;;;
2008.07.03 08:30:00;USD;3;Non-Farm Employment Change;-62K;-60K;-62K;;;
2008.07.03 08:30:00;USD;3;Unemployment Rate;5.5%;5.4%;5.5%;;;
2008.07.03 08:30:00;USD;2;Average Hourly Earnings m/m;0.3%;0.3%;0.3%;;;
2008.07.03 08:30:00;USD;2;Unemployment Claims;388K;384K;404K;;;
2008.07.03 10:00:00;USD;3;ISM Services PMI;51.7;51.1;48.2;;;
2008.07.03 10:35:00;USD;1;Natural Gas Storage;90B;89B;85B;;;
2008.07.04 01:00:00;JPY;1;Leading Indicators;92.8%;93.0%;92.6%;;;
2008.07.04 02:45:00;EUR;1;French Gov Budget Balance;-45.0B;;-50.1B;;;
2008.07.04 03:00:00;CHF;1;Foreign Currency Reserves;47B;;47B;;;
2008.07.04 06:00:00;EUR;2;German Factory Orders m/m;-1.7%;0.8%;-0.9%;;;
2008.07.04 06:00:00;USD;0;Bank Holiday (All Day);;;;;;
2008.07.04 10:00:00;CAD;3;Ivey PMI;62.5;62.2;69.6;;;
2008.07.06 06:00:00;EUR;1;ECB President Trichet Speaks;;;;;;
2008.07.06 19:30:00;AUD;1;AIG Construction Index;36.9;;40.3;;;
2008.07.06 20:30:00;JPY;2;BOJ Gov Shirakawa Speaks;;;;;;
2008.07.06 20:30:00;All;1;G8 Meetings (Day 1);;;;;;
2008.07.06 21:30:00;AUD;2;ANZ Job Advertisements m/m;-1.7%;;-3.0%;;;
2008.07.07 01:45:00;CHF;1;Unemployment Rate;2.5%;2.5%;2.5%;;;
2008.07.07 01:45:00;EUR;1;Eurogroup Meetings (All Day);;;;;;
2008.07.07 04:30:00;EUR;1;Sentix Investor Confidence;5.2;2.5;-9.3;;;
2008.07.07 04:30:00;GBP;3;Manufacturing Production m/m;0.0%;0.0%;-0.5%;;;
2008.07.07 04:30:00;GBP;1;Industrial Production m/m;0.1%;-0.1%;-0.8%;;;
2008.07.07 06:00:00;EUR;2;German Industrial Production m/m;-0.2%;0.3%;-2.4%;;;
2008.07.07 07:30:00;USD;1;NFIB Small Business Index;89.3;;89.2;;;
2008.07.07 08:30:00;CAD;3;Building Permits m/m;17.0%;-5.7%;1.1%;;;
2008.07.07 10:30:00;CAD;3;BOC Business Outlook Survey;;;;;;
2008.07.07 18:00:00;NZD;3;NZIER Business Confidence;-64;;-64;;;
2008.07.07 19:00:00;GBP;1;NIESR GDP Estimate;0.1%;;0.2%;;;
2008.07.07 19:50:00;JPY;1;Bank Lending y/y;1.5%;;1.8%;;;
2008.07.07 19:50:00;JPY;1;M2 Money Stock y/y;2.1%;2.0%;2.3%;;;
2008.07.07 19:50:00;All;1;G8 Meetings (Day 2);;;;;;
2008.07.07 21:30:00;AUD;1;NAB Business Confidence;-4;;-9;;;
2008.07.08 01:00:00;JPY;1;Economy Watchers Sentiment;32.1;31.0;29.5;;;
2008.07.08 01:00:00;EUR;1;ECOFIN Meetings (All Day);;;;;;
2008.07.08 04:33:00;GBP;2;ONS HPI y/y;4.9%;3.2%;3.7%;;;
2008.07.08 08:00:00;USD;3;Fed Chairman Bernanke Speaks;;;;;;
2008.07.08 10:00:00;USD;3;Pending Home Sales m/m;7.1%;-2.4%;-4.7%;;;
2008.07.08 10:00:00;USD;1;Final Wholesale Inventories m/m;1.4%;0.7%;0.8%;;;
2008.07.08 15:00:00;USD;1;Consumer Credit m/m;7.8B;7.5B;7.8B;;;
2008.07.08 19:01:00;GBP;2;Nationwide Consumer Confidence;65;65;61;;;
2008.07.08 19:50:00;JPY;2;Core Machinery Orders m/m;5.5%;1.1%;10.4%;;;
2008.07.08 20:30:00;AUD;2;Westpac Consumer Sentiment;-5.6%;;-6.7%;;;
2008.07.08 20:30:00;All;2;G8 Meetings (Day 3);;;;;;
2008.07.08 21:30:00;AUD;3;Home Loans m/m;-4.2%;-2.0%;-7.9%;;;
2008.07.09 02:00:00;EUR;1;German Trade Balance;17.8B;16.5B;14.6B;;;
2008.07.09 02:00:00;JPY;1;Prelim Machine Tool Orders y/y;1.4%;;-2.7%;;;
2008.07.09 02:45:00;EUR;1;French Trade Balance;-3.7B;-3.9B;-4.7B;;;
2008.07.09 03:00:00;EUR;2;ECB President Trichet Speaks;;;;;;
2008.07.09 04:30:00;GBP;2;Goods Trade Balance;-7.5B;-7.4B;-7.5B;;;
2008.07.09 05:00:00;EUR;1;Final GDP q/q;0.8%;0.8%;0.7%;;;
2008.07.09 05:33:00;GBP;1;BRC Shop Price Index y/y;1.8%;;2.5%;;;
2008.07.09 08:15:00;CAD;3;Housing Starts;228K;218K;218K;;;
2008.07.09 10:00:00;USD;1;JOLTS Job Openings;3.61M;;3.63M;;;
2008.07.09 10:30:00;GBP;1;CB Leading Index m/m;-0.6%;;-0.6%;;;
2008.07.09 10:35:00;USD;2;Crude Oil Inventories;-2.0M;-1.5M;-5.9M;;;
2008.07.09 18:26:00;NZD;1;BusinessNZ Manufacturing Index;47.9;;45.7;;;
2008.07.09 19:50:00;JPY;1;Current Account;1.51T;1.90T;2.03T;;;
2008.07.09 19:50:00;JPY;1;PPI y/y;4.8%;5.2%;5.6%;;;
2008.07.09 21:00:00;AUD;1;MI Inflation Expectations;5.9%;;5.9%;;;
2008.07.09 21:30:00;AUD;3;Employment Change;-25.6K;10.2K;29.8K;;;
2008.07.09 21:30:00;AUD;3;Unemployment Rate;4.3%;4.3%;4.2%;;;
2008.07.09 22:30:00;CNY;3;USD-Denominated Trade Balance;20.2B;22.7B;21.4B;;;
2008.07.10 02:45:00;EUR;2;French Industrial Production m/m;1.5%;-0.5%;-2.6%;;;
2008.07.10 04:00:00;EUR;2;ECB Monthly Bulletin;;;;;;
2008.07.10 04:00:00;EUR;1;Italian Industrial Production m/m;0.4%;-0.5%;-1.4%;;;
2008.07.10 04:00:00;GBP;3;Halifax HPI m/m;-2.5%;-1.0%;-2.0%;;;
2008.07.10 07:00:00;GBP;3;Official Bank Rate;5.00%;5.00%;5.00%;;;
2008.07.10 08:30:00;USD;3;Unemployment Claims;404K;397K;346K;;;
2008.07.10 10:00:00;USD;3;Fed Chairman Bernanke Testifies;;;;;;
2008.07.10 10:35:00;USD;1;Natural Gas Storage;85B;95B;90B;;;
2008.07.10 13:45:00;EUR;2;ECB President Trichet Speaks;;;;;;
2008.07.10 23:05:00;CNY;1;Foreign Direct Investment ytd/y;55.0%;;45.6%;;;
2008.07.11 00:30:00;JPY;1;Revised Industrial Production m/m;2.9%;2.9%;2.8%;;;
2008.07.11 01:00:00;JPY;1;Consumer Confidence;33.9;31.5;32.6;;;
2008.07.11 02:00:00;EUR;1;German WPI m/m;1.4%;1.0%;0.9%;;;
2008.07.11 07:00:00;CAD;3;Employment Change;8.4K;10.0K;-5.0K;;;
2008.07.11 07:00:00;CAD;3;Unemployment Rate;6.1%;6.1%;6.2%;;;
2008.07.11 08:30:00;CAD;3;Trade Balance;4.8B;5.2B;5.5B;;;
2008.07.11 08:30:00;CAD;1;NHPI m/m;0.0%;0.1%;0.0%;;;
2008.07.11 08:30:00;USD;3;Trade Balance;-60.5B;-62.5B;-59.8B;;;
2008.07.11 08:30:00;USD;2;Import Prices m/m;2.6%;2.0%;2.6%;;;
2008.07.11 09:55:00;USD;3;Prelim UoM Consumer Sentiment;56.4;55.5;56.6;;;
2008.07.11 09:55:00;USD;1;Prelim UoM Inflation Expectations;5.1%;;5.3%;;;
2008.07.11 14:00:00;USD;2;Federal Budget Balance;-165.9B;27.5B;50.7B;;;
2008.07.13 18:45:00;NZD;3;Core Retail Sales m/m;-0.3%;0.5%;0.7%;;;
2008.07.13 18:45:00;NZD;3;Retail Sales m/m;1.2%;0.0%;-1.2%;;;
2008.07.13 22:00:00;CNY;2;New Loans;319B;;332B;;;
2008.07.13 22:00:00;CNY;1;M2 Money Supply y/y;18.1%;17.5%;17.4%;;;
2008.07.14 00:00:00;EUR;0;French Bank Holiday (All Day);;;;;;
2008.07.14 04:30:00;GBP;3;PPI Input m/m;3.9%;2.5%;2.1%;;;
2008.07.14 04:30:00;GBP;1;PPI Output m/m;1.9%;1.2%;0.9%;;;
2008.07.14 05:00:00;EUR;2;Industrial Production m/m;1.0%;-2.3%;-1.9%;;;
2008.07.14 18:45:00;NZD;3;CPI q/q;0.7%;1.4%;1.6%;;;
2008.07.14 18:45:00;NZD;1;FPI m/m;1.0%;;1.3%;;;
2008.07.14 19:01:00;GBP;2;BRC Retail Sales Monitor y/y;1.9%;;-0.4%;;;
2008.07.14 19:01:00;GBP;2;RICS House Price Balance;-92%;-94%;-88%;;;
2008.07.14 21:30:00;AUD;3;Monetary Policy Meeting Minutes;;;;;;
2008.07.15 00:34:00;JPY;2;Monetary Policy Statement;;;;;;
2008.07.15 00:34:00;JPY;2;Overnight Call Rate;0.50%;0.50%;0.50%;;;
2008.07.15 03:34:00;JPY;3;BOJ Press Conference;;;;;;
2008.07.15 04:30:00;GBP;3;CPI y/y;3.3%;3.6%;3.8%;;;
2008.07.15 04:30:00;GBP;2;Core CPI y/y;1.5%;1.5%;1.6%;;;
2008.07.15 04:30:00;GBP;1;MPC Member Sentance Speaks;;;;;;
2008.07.15 04:30:00;GBP;1;RPI y/y;4.3%;4.3%;4.6%;;;
2008.07.15 05:00:00;EUR;3;German ZEW Economic Sentiment;-52.4;-55.5;-63.9;;;
2008.07.15 05:00:00;EUR;2;ZEW Economic Sentiment;-52.7;-56.0;-63.7;;;
2008.07.15 08:30:00;CAD;1;New Motor Vehicle Sales m/m;-2.4%;0.0%;1.1%;;;
2008.07.15 08:30:00;USD;3;Core Retail Sales m/m;1.2%;0.9%;0.8%;;;
2008.07.15 08:30:00;USD;3;PPI m/m;1.4%;1.3%;1.8%;;;
2008.07.15 08:30:00;USD;3;Retail Sales m/m;0.8%;0.4%;0.1%;;;
2008.07.15 08:30:00;USD;2;Core PPI m/m;0.2%;0.3%;0.2%;;;
2008.07.15 08:30:00;USD;2;Empire State Manufacturing Index;-8.7;-7.7;-4.9;;;
2008.07.15 09:00:00;CAD;3;BOC Rate Statement;;;;;;
2008.07.15 09:00:00;CAD;3;Overnight Rate;3.00%;3.00%;3.00%;;;
2008.07.15 10:00:00;USD;3;Fed Chairman Bernanke Testifies;;;;;;
2008.07.15 10:00:00;USD;2;Business Inventories m/m;0.5%;0.5%;0.3%;;;
2008.07.15 10:00:00;USD;1;Fed Monetary Policy Report;;;;;;
2008.07.15 10:00:00;USD;1;IBD/TIPP Economic Optimism;37.4;36.8;37.4;;;
2008.07.15 11:30:00;USD;2;Treasury Sec Paulson Speaks;;;;;;
2008.07.15 19:50:00;JPY;2;Tertiary Industry Activity m/m;1.9%;0.0%;-0.2%;;;
2008.07.15 20:30:00;AUD;1;MI Leading Index m/m;0.4%;;0.0%;;;
2008.07.15 23:05:00;AUD;3;RBA Gov Stevens Speaks;;;;;;
2008.07.16 02:00:00;EUR;1;German Final CPI m/m;0.3%;0.3%;0.3%;;;
2008.07.16 02:45:00;EUR;1;French Final CPI m/m;0.5%;0.4%;0.4%;;;
2008.07.16 03:15:00;CHF;2;Retail Sales y/y;2.4%;2.5%;7.4%;;;
2008.07.16 03:15:00;EUR;1;Eurogroup Meetings (All Day);;;;;;
2008.07.16 04:30:00;GBP;3;Claimant Count Change;14.3K;10.0K;15.5K;;;
2008.07.16 04:30:00;GBP;2;Average Earnings Index 3m/y;3.9%;3.7%;3.8%;;;
2008.07.16 04:30:00;GBP;1;Unemployment Rate;5.3%;5.3%;5.2%;;;
2008.07.16 05:00:00;EUR;3;Final CPI y/y;4.0%;4.0%;4.0%;;;
2008.07.16 05:00:00;EUR;2;Final Core CPI y/y;1.7%;1.8%;1.8%;;;
2008.07.16 08:30:00;CAD;2;Manufacturing Sales m/m;2.1%;0.4%;2.7%;;;
2008.07.16 08:30:00;USD;3;Core CPI m/m;0.2%;0.2%;0.3%;;;
2008.07.16 08:30:00;USD;2;CPI m/m;0.6%;0.7%;1.1%;;;
2008.07.16 09:00:00;USD;3;TIC Long-Term Purchases;111.9B;70.0B;67.0B;;;
2008.07.16 09:15:00;USD;2;Capacity Utilization Rate;79.6%;79.3%;79.9%;;;
2008.07.16 09:15:00;USD;2;Industrial Production m/m;-0.2%;0.0%;0.5%;;;
2008.07.16 10:00:00;USD;3;Fed Chairman Bernanke Testifies;;;;;;
2008.07.16 10:35:00;USD;2;Crude Oil Inventories;-5.9M;-1.2M;3.0M;;;
2008.07.16 10:45:00;GBP;2;MPC Member Dale Speaks;;;;;;
2008.07.16 13:00:00;USD;1;NAHB Housing Market Index;18;18;16;;;
2008.07.16 14:00:00;USD;3;FOMC Meeting Minutes;;;;;;
2008.07.16 21:30:00;AUD;1;RBA Bulletin;;;;;;
2008.07.16 22:00:00;CNY;3;GDP q/y;10.6%;10.3%;10.1%;;;
2008.07.16 22:00:00;CNY;3;Industrial Production y/y;16.0%;15.7%;16.0%;;;
2008.07.16 22:00:00;CNY;2;CPI y/y;7.7%;7.4%;7.1%;;;
2008.07.16 22:00:00;CNY;2;Fixed Asset Investment ytd/y;25.6%;25.4%;26.8%;;;
2008.07.16 22:00:00;CNY;2;NBS Press Conference;;;;;;
2008.07.16 22:00:00;CNY;2;PPI y/y;8.2%;8.5%;8.8%;;;
2008.07.16 22:00:00;CNY;1;Retail Sales y/y;21.6%;21.3%;23.0%;;;
2008.07.16 23:45:00;JPY;1;30-y Bond Auction;2.45|3.9;;2.44|3.5;;;
2008.07.17 01:00:00;JPY;2;BOJ Monthly Report;;;;;;
2008.07.17 01:00:00;EUR;1;ECOFIN Meetings (All Day);;;;;;
2008.07.17 04:37:00;EUR;1;Spanish 10-y Bond Auction;4.83|1.6;;4.74|1.4;;;
2008.07.17 05:00:00;CHF;2;Credit Suisse Economic Expectations;-63.8;;-76.9;;;
2008.07.17 05:00:00;EUR;1;Italian Trade Balance;-1.02B;-0.90B;-0.06B;;;
2008.07.17 08:30:00;CAD;2;Foreign Securities Purchases;9.84B;3.56B;10.72B;;;
2008.07.17 08:30:00;USD;3;Building Permits;0.98M;0.96M;1.09M;;;
2008.07.17 08:30:00;USD;2;Housing Starts;0.98M;0.96M;1.07M;;;
2008.07.17 08:30:00;USD;2;Unemployment Claims;348K;380K;366K;;;
2008.07.17 09:10:00;USD;2;FOMC Member Kroszner Speaks;;;;;;
2008.07.17 10:00:00;USD;2;Philly Fed Manufacturing Index;-17.1;-15.0;-16.3;;;
2008.07.17 10:30:00;CAD;3;BOC Monetary Policy Report;;;;;;
2008.07.17 10:35:00;USD;1;Natural Gas Storage;90B;88B;104B;;;
2008.07.17 11:15:00;CAD;3;BOC Press Conference;;;;;;
2008.07.17 19:50:00;JPY;2;Monetary Policy Meeting Minutes;;;;;;
2008.07.17 21:30:00;AUD;1;Import Prices q/q;2.7%;2.1%;1.4%;;;
2008.07.17 23:30:00;JPY;2;BOJ Gov Shirakawa Speaks;;;;;;
2008.07.18 02:00:00;EUR;2;German PPI m/m;1.0%;0.7%;0.9%;;;
2008.07.18 04:05:00;GBP;1;MPC Member Gieve Speaks;;;;;;
2008.07.18 04:30:00;GBP;1;M4 Money Supply m/m;0.3%;0.4%;2.0%;;;
2008.07.18 04:30:00;GBP;1;Public Sector Net Borrowing;12.5B;7.5B;9.2B;;;
2008.07.18 05:00:00;EUR;1;Trade Balance;1.4B;0.9B;-1.5B;;;
2008.07.18 08:30:00;CAD;2;Wholesale Sales m/m;1.5%;0.5%;1.6%;;;
2008.07.18 08:30:00;CAD;1;Leading Index m/m;0.2%;0.1%;0.0%;;;
2008.07.20 18:45:00;NZD;1;Visitor Arrivals m/m;9.1%;;-1.4%;;;
2008.07.20 19:01:00;GBP;2;Rightmove HPI m/m;-1.2%;;-1.8%;;;
2008.07.20 19:01:00;JPY;0;Bank Holiday (All Day);;;;;;
2008.07.20 21:30:00;AUD;3;PPI q/q;1.9%;1.6%;1.0%;;;
2008.07.20 21:30:00;AUD;1;New Motor Vehicle Sales m/m;-1.5%;;1.0%;;;
2008.07.20 23:05:00;NZD;1;Credit Card Spending y/y;5.9%;;3.3%;;;
2008.07.21 03:15:00;CHF;2;PPI m/m;1.2%;0.4%;0.6%;;;
2008.07.21 06:00:00;EUR;2;German Buba Monthly Report;;;;;;
2008.07.21 10:00:00;USD;1;CB Leading Index m/m;-0.2%;-0.1%;-0.1%;;;
2008.07.21 19:50:00;JPY;1;All Industries Activity m/m;0.8%;0.4%;0.4%;;;
2008.07.22 02:15:00;CHF;1;Trade Balance;1.87B;1.62B;2.41B;;;
2008.07.22 04:45:00;GBP;3;BOE Gov King Speaks;;;;;;
2008.07.22 08:10:00;USD;1;Treasury Sec Paulson Speaks;;;;;;
2008.07.22 08:30:00;CAD;3;Core Retail Sales m/m;1.2%;0.8%;0.4%;;;
2008.07.22 08:30:00;CAD;2;Retail Sales m/m;0.6%;0.5%;0.4%;;;
2008.07.22 08:30:00;USD;2;FOMC Member Plosser Speaks;;;;;;
2008.07.22 10:02:00;USD;1;Richmond Manufacturing Index;-12;-9;-16;;;
2008.07.22 10:35:00;USD;1;HPI m/m;-0.8%;-0.6%;-0.3%;;;
2008.07.22 21:30:00;AUD;3;CPI q/q;1.3%;1.2%;1.5%;;;
2008.07.22 21:30:00;AUD;2;Trimmed Mean CPI q/q;1.2%;1.1%;1.2%;;;
2008.07.23 02:45:00;EUR;2;French Consumer Spending m/m;1.7%;-0.6%;-0.4%;;;
2008.07.23 04:00:00;EUR;1;Italian Retail Sales m/m;0.1%;-0.1%;0.2%;;;
2008.07.23 04:30:00;GBP;3;MPC Official Bank Rate Votes;0-1-8;0-1-8;1-1-7;;;
2008.07.23 04:30:00;GBP;2;High Street Lending;27.5K;;21.1K;;;
2008.07.23 05:00:00;EUR;2;Industrial New Orders m/m;2.0%;-1.3%;-3.5%;;;
2008.07.23 05:09:00;EUR;1;German 30-y Bond Auction;4.45|2.1;;4.91|1.2;;;
2008.07.23 06:00:00;GBP;2;CBI Industrial Order Expectations;1;-5;-8;;;
2008.07.23 07:00:00;CAD;3;Core CPI m/m;0.3%;0.2%;0.1%;;;
2008.07.23 07:00:00;CAD;2;CPI m/m;1.0%;0.5%;0.7%;;;
2008.07.23 07:00:00;GBP;2;MPC Member Tucker Speaks;;;;;;
2008.07.23 10:35:00;USD;2;Crude Oil Inventories;3.0M;-0.7M;-1.6M;;;
2008.07.23 13:54:00;USD;1;Beige Book;;;;;;
2008.07.23 17:00:00;NZD;3;Official Cash Rate;8.25%;8.25%;8.00%;;;
2008.07.23 17:00:00;NZD;3;RBNZ Rate Statement;;;;;;
2008.07.23 19:50:00;JPY;1;Trade Balance;0.52T;0.28T;0.14T;;;
2008.07.24 03:00:00;EUR;2;French Flash Manufacturing PMI;49.2;49.0;47.3;;;
2008.07.24 03:00:00;EUR;1;French Flash Services PMI;50.1;49.7;47.0;;;
2008.07.24 03:00:00;EUR;1;Spanish Unemployment Rate;9.6%;10.0%;10.4%;;;
2008.07.24 03:30:00;EUR;2;German Flash Manufacturing PMI;52.6;52.0;50.9;;;
2008.07.24 03:30:00;EUR;1;German Flash Services PMI;52.1;51.5;53.3;;;
2008.07.24 04:00:00;EUR;3;German ifo Business Climate;101.2;100.2;97.5;;;
2008.07.24 04:00:00;EUR;2;Flash Manufacturing PMI;49.2;48.7;47.5;;;
2008.07.24 04:00:00;EUR;2;Flash Services PMI;49.1;48.8;48.3;;;
2008.07.24 04:00:00;EUR;1;Current Account;1.5B;-0.5B;-7.3B;;;
2008.07.24 04:30:00;GBP;3;Retail Sales m/m;3.6%;-2.5%;-3.9%;;;
2008.07.24 08:30:00;USD;2;Unemployment Claims;372K;379K;406K;;;
2008.07.24 09:00:00;EUR;2;Belgian NBB Business Climate;-5.9;-7.1;-7.6;;;
2008.07.24 10:00:00;USD;3;Existing Home Sales;4.99M;4.93M;4.86M;;;
2008.07.24 10:00:00;USD;2;FOMC Member Geithner Speaks;;;;;;
2008.07.24 10:35:00;USD;1;Natural Gas Storage;104B;83B;84B;;;
2008.07.24 13:35:00;GBP;1;MPC Member Bean Speaks;;;;;;
2008.07.24 19:30:00;JPY;2;Tokyo Core CPI y/y;1.3%;1.6%;1.6%;;;
2008.07.24 19:30:00;JPY;1;National Core CPI y/y;1.5%;1.9%;1.9%;;;
2008.07.24 19:50:00;JPY;1;SPPI y/y;0.6%;0.6%;1.2%;;;
2008.07.25 02:00:00;EUR;1;German Import Prices m/m;2.4%;1.0%;1.5%;;;
2008.07.25 04:00:00;EUR;1;M3 Money Supply y/y;10.0%;10.3%;9.5%;;;
2008.07.25 04:00:00;EUR;1;Private Loans y/y;10.5%;10.1%;9.8%;;;
2008.07.25 04:30:00;GBP;3;Prelim GDP q/q;0.3%;0.2%;0.2%;;;
2008.07.25 04:30:00;GBP;1;Index of Services 3m/3m;0.3%;0.4%;0.4%;;;
2008.07.25 08:30:00;USD;3;Core Durable Goods Orders m/m;-0.5%;-0.2%;2.0%;;;
2008.07.25 08:30:00;USD;2;Durable Goods Orders m/m;0.1%;-0.3%;0.8%;;;
2008.07.25 09:55:00;USD;2;Revised UoM Consumer Sentiment;56.6;56.2;61.2;;;
2008.07.25 09:55:00;USD;1;Revised UoM Inflation Expectations;5.3%;;5.1%;;;
2008.07.25 10:00:00;USD;3;New Home Sales;533K;504K;530K;;;
2008.07.27 18:45:00;NZD;3;Trade Balance;-168M;-402M;-223M;;;
2008.07.27 19:45:00;AUD;2;RBA Deputy Gov Debelle Speaks;;;;;;
2008.07.27 20:00:00;AUD;2;HIA New Home Sales m/m;-5.0%;;4.0%;;;
2008.07.27 21:30:00;AUD;2;NAB Quarterly Business Confidence;-4;;-8;;;
2008.07.28 02:00:00;EUR;2;German GfK Consumer Climate;3.6;3.5;2.1;;;
2008.07.28 12:00:00;USD;2;FOMC Member Mishkin Speaks;;;;;;
2008.07.28 14:30:00;USD;1;Treasury Sec Paulson Speaks;;;;;;
2008.07.28 18:45:00;NZD;3;Building Consents m/m;-40.8%;;-20.1%;;;
2008.07.28 19:30:00;JPY;1;Household Spending y/y;-3.2%;-2.8%;-1.8%;;;
2008.07.28 19:30:00;JPY;1;Unemployment Rate;4.0%;4.0%;4.1%;;;
2008.07.28 19:50:00;JPY;2;Retail Sales y/y;0.3%;-0.3%;0.3%;;;
2008.07.28 20:00:00;AUD;1;CB Leading Index m/m;0.3%;;-0.1%;;;
2008.07.29 00:00:00;EUR;2;German Prelim CPI m/m (All Day);0.3%;0.5%;0.6%;;;
2008.07.29 04:00:00;CHF;2;UBS Consumption Indicator;1.95;;2.25;;;
2008.07.29 04:30:00;GBP;1;Mortgage Approvals;41K;37K;36K;;;
2008.07.29 04:30:00;GBP;1;Net Lending to Individuals m/m;5.1B;5.0B;4.0B;;;
2008.07.29 05:40:00;GBP;1;10-y Bond Auction;4.91|2.1;;5.00|2.5;;;
2008.07.29 06:00:00;GBP;3;CBI Realized Sales;-9;-15;-36;;;
2008.07.29 09:00:00;USD;1;S&P/CS Composite-20 HPI y/y;-15.2%;-16.1%;-15.8%;;;
2008.07.29 10:00:00;USD;3;CB Consumer Confidence;51.0;50.0;51.9;;;
2008.07.29 19:50:00;JPY;2;Prelim Industrial Production m/m;2.8%;-1.7%;-2.0%;;;
2008.07.29 21:30:00;AUD;3;Building Approvals m/m;-7.2%;1.0%;-0.7%;;;
2008.07.30 04:00:00;EUR;1;Retail PMI;44.0;;46.0;;;
2008.07.30 05:00:00;EUR;1;Consumer Confidence;-17;-19;-20;;;
2008.07.30 05:20:00;EUR;1;Italian 10-y Bond Auction;5.08|1.5;;5.00|1.3;;;
2008.07.30 05:30:00;CHF;2;KOF Economic Barometer;0.99;0.96;0.90;;;
2008.07.30 08:15:00;USD;3;ADP Non-Farm Employment Change;-77K;-58K;9K;;;
2008.07.30 08:30:00;CAD;2;RMPI m/m;3.1%;3.3%;4.4%;;;
2008.07.30 08:30:00;CAD;1;IPPI m/m;0.9%;1.0%;1.3%;;;
2008.07.30 08:45:00;USD;3;Fed Announcement;;;;;;
2008.07.30 10:35:00;USD;2;Crude Oil Inventories;-1.6M;-1.4M;-0.1M;;;
2008.07.30 19:01:00;GBP;2;GfK Consumer Confidence;-34;-37;-39;;;
2008.07.30 19:15:00;JPY;1;Final Manufacturing PMI;46.5;;47.0;;;
2008.07.30 21:30:00;AUD;3;Retail Sales m/m;0.9%;0.1%;-1.0%;;;
2008.07.30 21:30:00;AUD;3;Trade Balance;-0.25B;0.03B;0.41B;;;
2008.07.30 21:30:00;AUD;2;Private Sector Credit m/m;0.5%;0.5%;0.4%;;;
2008.07.30 21:30:00;JPY;2;Average Cash Earnings y/y;0.8%;0.6%;-0.6%;;;
2008.07.30 23:00:00;NZD;3;ANZ Business Confidence;-38.7;;-43.2;;;
2008.07.31 01:00:00;JPY;1;Housing Starts y/y;-6.5%;-18.1%;-16.7%;;;
2008.07.31 01:45:00;CHF;3;CPI m/m;0.2%;-0.5%;-0.4%;;;
2008.07.31 02:00:00;GBP;3;Nationwide HPI m/m;-0.8%;-1.2%;-1.7%;;;
2008.07.31 03:55:00;EUR;2;German Unemployment Change;-36K;-20K;-20K;;;
2008.07.31 05:00:00;EUR;2;CPI Flash Estimate y/y;4.0%;4.1%;4.1%;;;
2008.07.31 05:00:00;EUR;1;Italian Prelim CPI m/m;0.4%;0.4%;0.5%;;;
2008.07.31 05:00:00;EUR;1;Unemployment Rate;7.3%;7.2%;7.3%;;;
2008.07.31 08:30:00;CAD;3;GDP m/m;0.4%;0.2%;-0.1%;;;
2008.07.31 08:30:00;USD;3;Advance GDP q/q;1.0%;2.2%;1.9%;;;
2008.07.31 08:30:00;USD;2;Advance GDP Price Index q/q;2.7%;2.4%;1.1%;;;
2008.07.31 08:30:00;USD;2;Employment Cost Index q/q;0.7%;0.7%;0.7%;;;
2008.07.31 08:30:00;USD;2;Unemployment Claims;404K;395K;448K;;;
2008.07.31 09:45:00;USD;2;Chicago PMI;49.6;49.0;50.8;;;
2008.07.31 10:35:00;USD;1;Natural Gas Storage;84B;69B;65B;;;
2008.07.31 13:00:00;USD;1;Treasury Sec Paulson Speaks;;;;;;
2008.07.31 19:30:00;AUD;1;AIG Manufacturing Index;47.0;;46.9;;;
2008.07.31 20:30:00;AUD;1;MI Inflation Gauge m/m;0.5%;;0.4%;;;
2008.07.31 21:00:00;CNY;3;Manufacturing PMI;52.0;;48.4;;;
2008.07.31 22:30:00;CNY;2;Caixin Manufacturing PMI;53.3;;53.3;;;
