2022.04.01 01:30:00;AUD;1;Commodity Prices y/y;34.0%;;40.9%;;16.7%;
2022.04.01 02:30:00;CHF;1;CPI m/m;0.7%;0.5%;0.6%;;;
2022.04.01 02:45:00;EUR;1;French Gov Budget Balance;-15.9B;;-37.6B;;;
2022.04.01 03:15:00;EUR;1;Spanish Manufacturing PMI;56.9;55.8;54.2;;;
2022.04.01 03:30:00;CHF;1;Manufacturing PMI;62.6;61.0;64.0;;;
2022.04.01 03:45:00;EUR;1;Italian Manufacturing PMI;58.3;57.0;55.8;;;
2022.04.01 03:50:00;EUR;1;French Final Manufacturing PMI;54.8;54.8;54.7;;;
2022.04.01 03:55:00;EUR;1;German Final Manufacturing PMI;57.6;57.6;56.9;;;
2022.04.01 04:00:00;EUR;1;Final Manufacturing PMI;57.0;57.0;56.5;;;
2022.04.01 04:30:00;GBP;1;Final Manufacturing PMI;55.5;55.5;55.2;;;
2022.04.01 05:00:00;EUR;2;CPI Flash Estimate y/y;5.9%;6.7%;7.5%;;5.8%;
2022.04.01 05:00:00;EUR;1;Core CPI Flash Estimate y/y;2.7%;3.1%;3.0%;;;
2022.04.01 08:30:00;USD;3;Average Hourly Earnings m/m;0.1%;0.4%;0.4%;;0.0%;
2022.04.01 08:30:00;USD;3;Non-Farm Employment Change;750K;492K;431K;;678K;
2022.04.01 08:30:00;USD;3;Unemployment Rate;3.8%;3.7%;3.6%;;;
2022.04.01 09:30:00;CAD;1;Manufacturing PMI;56.6;;58.9;;;
2022.04.01 09:45:00;USD;1;Final Manufacturing PMI;58.5;58.5;58.8;;;
2022.04.01 10:00:00;USD;3;ISM Manufacturing PMI;58.6;58.9;57.1;;;
2022.04.01 10:00:00;USD;1;Construction Spending m/m;1.6%;1.0%;0.5%;;1.3%;
2022.04.01 10:00:00;USD;1;ISM Manufacturing Prices;75.6;79.9;87.1;;;
2022.04.01 10:00:00;USD;1;Wards Total Vehicle Sales (All Day);14.1M;13.4M;13.3M;;;
2022.04.01 10:45:00;USD;1;President Biden Speaks;;;;;;
2022.04.02 10:00:00;NZD;0;Daylight Saving Time Shift;;;;;;
2022.04.02 12:00:00;AUD;0;Daylight Saving Time Shift;;;;;;
2022.04.02 13:00:00;USD;1;FOMC Member Williams Speaks;;;;;;
2022.04.03 19:50:00;JPY;1;Monetary Base y/y;7.6%;8.0%;7.9%;;;
2022.04.03 19:50:00;CNY;0;Bank Holiday (All Day);;;;;;
2022.04.03 21:00:00;AUD;1;MI Inflation Gauge m/m;0.5%;;0.8%;;;
2022.04.03 21:30:00;AUD;1;ANZ Job Advertisements m/m;10.9%;;0.4%;;8.4%;
2022.04.04 02:00:00;EUR;1;German Trade Balance;8.8B;11.3B;11.5B;;9.4B;
2022.04.04 03:00:00;EUR;2;Spanish Unemployment Change;-11.4K;15.3K;-2.9K;;;
2022.04.04 04:30:00;EUR;1;Sentix Investor Confidence;-7.0;-9.3;-18.0;;;
2022.04.04 05:05:00;GBP;2;BOE Gov Bailey Speaks;;;;;;
2022.04.04 05:05:00;EUR;1;Eurogroup Meetings (All Day);;;;;;
2022.04.04 08:30:00;CAD;1;Building Permits m/m;-8.2%;6.9%;21.0%;;-8.8%;
2022.04.04 10:00:00;GBP;1;MPC Member Cunliffe Speaks;;;;;;
2022.04.04 10:00:00;USD;1;Factory Orders m/m;1.5%;-0.5%;-0.5%;;1.4%;
2022.04.04 10:30:00;CAD;2;BOC Business Outlook Survey;;;;;;
2022.04.04 18:30:00;AUD;1;AIG Construction Index;53.4;;56.5;;;
2022.04.04 19:30:00;JPY;1;Average Cash Earnings y/y;1.1%;0.6%;1.2%;;0.9%;
2022.04.04 19:30:00;JPY;1;Household Spending y/y;6.9%;2.8%;1.1%;;;
2022.04.04 19:30:00;CNY;0;Bank Holiday (All Day);;;;;;
2022.04.04 23:35:00;JPY;1;10-y Bond Auction;0.18|3.2;;0.20|3.6;;;
2022.04.05 00:30:00;AUD;3;Cash Rate;0.10%;0.10%;0.10%;;;
2022.04.05 00:30:00;AUD;3;RBA Rate Statement;;;;;;
2022.04.05 02:45:00;EUR;1;French Industrial Production m/m;1.8%;-0.4%;-0.9%;;1.6%;
2022.04.05 03:15:00;EUR;1;Spanish Services PMI;56.6;54.2;53.4;;;
2022.04.05 03:45:00;EUR;1;Italian Services PMI;52.8;51.6;52.1;;;
2022.04.05 03:50:00;EUR;1;French Final Services PMI;57.4;57.4;57.4;;;
2022.04.05 03:55:00;EUR;1;German Final Services PMI;55.0;55.0;56.1;;;
2022.04.05 04:00:00;EUR;1;Final Services PMI;54.8;54.8;55.6;;;
2022.04.05 04:30:00;GBP;1;Final Services PMI;61.0;60.9;62.6;;;
2022.04.05 04:30:00;GBP;1;Housing Equity Withdrawal q/q;-6.7B;1.4B;-12.1B;;-7.1B;
2022.04.05 04:30:00;EUR;1;ECOFIN Meetings (All Day);;;;;;
2022.04.05 08:30:00;CAD;1;Trade Balance;3.1B;2.9B;2.7B;;2.6B;
2022.04.05 08:30:00;USD;1;Trade Balance;-89.2B;-88.5B;-89.2B;;-89.7B;
2022.04.05 09:45:00;USD;1;Final Services PMI;58.9;58.9;58.0;;;
2022.04.05 10:00:00;USD;3;ISM Services PMI;56.5;58.6;58.3;;;
2022.04.05 10:05:00;USD;2;FOMC Member Brainard Speaks;;;;;;
2022.04.05 10:45:00;NZD;1;GDT Price Index;-0.9%;;-1.0%;;;
2022.04.05 14:00:00;USD;1;FOMC Member Williams Speaks;;;;;;
2022.04.05 21:08:00;NZD;1;ANZ Commodity Prices m/m;3.9%;;3.9%;;;
2022.04.05 21:45:00;CNY;1;Caixin Services PMI;50.2;49.6;42.0;;;
2022.04.06 02:00:00;EUR;1;German Factory Orders m/m;2.3%;-0.2%;-2.2%;;1.8%;
2022.04.06 02:05:00;AUD;1;RBA Deputy Gov Bullock Speaks;;;;;;
2022.04.06 04:30:00;GBP;1;Construction PMI;59.1;58.0;59.1;;;
2022.04.06 05:00:00;EUR;1;PPI m/m;5.1%;1.2%;1.1%;;5.2%;
2022.04.06 10:00:00;CAD;2;Ivey PMI;60.6;62.3;74.2;;;
2022.04.06 10:00:00;USD;2;Treasury Sec Yellen Speaks;;;;;;
2022.04.06 10:30:00;USD;1;Crude Oil Inventories;-3.4M;-2.9M;2.4M;;;
2022.04.06 14:00:00;USD;3;FOMC Meeting Minutes;;;;;;
2022.04.06 18:30:00;AUD;1;AIG Services Index;60.0;;56.2;;;
2022.04.06 21:30:00;AUD;1;Trade Balance;11.79B;11.70B;7.46B;;12.89B;
2022.04.06 23:35:00;JPY;1;30-y Bond Auction;0.89|3.1;;0.99|3.0;;;
2022.04.07 01:00:00;JPY;1;Leading Indicators;102.5%;100.9%;100.9%;;103.7%;
2022.04.07 01:45:00;CHF;1;Unemployment Rate;2.3%;2.2%;2.2%;;2.2%;
2022.04.07 02:00:00;EUR;1;German Industrial Production m/m;1.4%;0.1%;0.2%;;2.7%;
2022.04.07 02:00:00;GBP;1;Halifax HPI m/m;0.8%;0.9%;1.4%;;0.5%;
2022.04.07 03:00:00;CHF;1;Foreign Currency Reserves;938B;;911B;;;
2022.04.07 04:49:00;EUR;1;Spanish 10-y Bond Auction;1.23|1.5;;1.60|2.3;;;
2022.04.07 05:00:00;EUR;1;Retail Sales m/m;0.2%;0.6%;0.3%;;;
2022.04.07 05:03:00;EUR;1;French 10-y Bond Auction;0.52|1.7;;1.17|1.8;;;
2022.04.07 07:30:00;EUR;1;ECB Monetary Policy Meeting Accounts;;;;;;
2022.04.07 08:15:00;GBP;1;MPC Member Pill Speaks;;;;;;
2022.04.07 08:30:00;USD;2;Unemployment Claims;171K;201K;166K;;202K;
2022.04.07 09:00:00;USD;2;FOMC Member Bullard Speaks;;;;;;
2022.04.07 10:30:00;USD;2;Treasury Sec Yellen Speaks;;;;;;
2022.04.07 10:30:00;USD;1;Natural Gas Storage;26B;-28B;-33B;;;
2022.04.07 15:00:00;USD;1;Consumer Credit m/m;8.9B;18.0B;41.8B;;6.8B;
2022.04.07 16:00:00;CAD;1;Annual Budget Release;;;;;;
2022.04.07 19:50:00;JPY;1;Current Account;0.18T;0.27T;0.52T;;0.19T;
2022.04.07 21:30:00;AUD;1;RBA Financial Stability Review;;;;;;
2022.04.08 01:00:00;JPY;1;Consumer Confidence;35.3;36.9;32.8;;;
2022.04.08 02:00:00;JPY;1;Economy Watchers Sentiment;37.7;45.0;47.8;;;
2022.04.08 04:00:00;EUR;1;Italian Retail Sales m/m;-0.6%;0.5%;0.7%;;-0.5%;
2022.04.08 08:30:00;CAD;3;Employment Change;336.6K;77.5K;72.5K;;;
2022.04.08 08:30:00;CAD;3;Unemployment Rate;5.5%;5.4%;5.3%;;;
2022.04.08 10:00:00;USD;1;Final Wholesale Inventories m/m;2.1%;2.1%;2.5%;;;
2022.04.10 00:00:00;EUR;3;French Presidential Election (All Day);;;;;;
2022.04.10 20:30:00;JPY;2;BOJ Gov Kuroda Speaks;;;;;;
2022.04.10 21:30:00;CNY;1;CPI y/y;0.9%;1.3%;1.5%;;;
2022.04.10 21:30:00;CNY;1;PPI y/y;8.8%;8.1%;8.3%;;;
2022.04.11 01:59:00;JPY;1;Prelim Machine Tool Orders y/y;31.6%;;30.2%;;;
2022.04.11 02:00:00;GBP;1;Construction Output m/m;1.6%;0.5%;-0.1%;;1.1%;
2022.04.11 02:00:00;GBP;1;GDP m/m;0.8%;0.2%;0.1%;;;
2022.04.11 02:00:00;GBP;1;Goods Trade Balance;-23.9B;-16.8B;-20.6B;;-26.5B;
2022.04.11 02:00:00;GBP;1;Index of Services 3m/3m;1.4%;0.7%;0.8%;;1.0%;
2022.04.11 02:00:00;GBP;1;Industrial Production m/m;0.7%;0.3%;-0.6%;;;
2022.04.11 02:00:00;GBP;1;Manufacturing Production m/m;0.9%;0.3%;-0.4%;;0.8%;
2022.04.11 04:10:00;CNY;1;M2 Money Supply y/y;9.2%;9.2%;9.7%;;;
2022.04.11 04:10:00;CNY;1;New Loans;1230B;2750B;3130B;;;
2022.04.11 06:00:00;GBP;1;NIESR GDP Estimate;1.0%;;1.0%;;;
2022.04.11 09:30:00;USD;1;FOMC Member Bowman Speaks;;;;;;
2022.04.11 18:04:00;NZD;1;NZIER Business Confidence;-28;;-40;;;
2022.04.11 18:45:00;NZD;1;Visitor Arrivals m/m;-34.5%;;29.8%;;;
2022.04.11 19:01:00;GBP;1;BRC Retail Sales Monitor y/y;2.7%;2.6%;-0.4%;;;
2022.04.11 19:50:00;JPY;1;Bank Lending y/y;0.3%;0.5%;0.5%;;0.4%;
2022.04.11 19:50:00;JPY;1;PPI y/y;9.7%;9.2%;9.5%;;9.3%;
2022.04.11 21:30:00;AUD;1;NAB Business Confidence;13;;16;;;
2022.04.12 02:00:00;EUR;1;German Final CPI m/m;2.5%;2.5%;2.5%;;;
2022.04.12 02:00:00;EUR;1;German WPI m/m;1.7%;1.4%;6.9%;;;
2022.04.12 02:00:00;GBP;1;Average Earnings Index 3m/y;4.8%;5.4%;5.4%;;;
2022.04.12 02:00:00;GBP;1;Claimant Count Change;-58.0K;-41.1K;-46.9K;;-48.1K;
2022.04.12 02:00:00;GBP;1;Unemployment Rate;3.9%;3.8%;3.8%;;;
2022.04.12 02:45:00;EUR;1;French Trade Balance;-8.0B;-9.3B;-10.3B;;;
2022.04.12 05:00:00;EUR;2;ZEW Economic Sentiment;-38.7;-46.5;-43.0;;;
2022.04.12 05:00:00;EUR;2;German ZEW Economic Sentiment;-39.3;-48.4;-41.0;;;
2022.04.12 05:02:00;GBP;1;10-y Bond Auction;1.60|2.5;;1.93|2.6;;;
2022.04.12 06:00:00;USD;1;NFIB Small Business Index;95.7;95.0;93.2;;;
2022.04.12 08:30:00;USD;3;CPI m/m;0.8%;1.2%;1.2%;;;
2022.04.12 08:30:00;USD;3;Core CPI m/m;0.5%;0.5%;0.3%;;;
2022.04.12 10:00:00;USD;1;IBD/TIPP Economic Optimism;41.0;43.2;45.5;;;
2022.04.12 12:10:00;USD;2;FOMC Member Brainard Speaks;;;;;;
2022.04.12 13:01:00;USD;2;10-y Bond Auction;1.92|2.5;;2.72|2.4;;;
2022.04.12 14:00:00;USD;1;Federal Budget Balance;-216.6B;-191.5B;-192.7B;;;
2022.04.12 18:45:00;NZD;1;FPI m/m;-0.1%;;0.7%;;;
2022.04.12 19:50:00;JPY;1;Core Machinery Orders m/m;-2.0%;-1.5%;-9.8%;;;
2022.04.12 19:50:00;JPY;1;M2 Money Stock y/y;3.6%;3.6%;3.5%;;;
2022.04.12 20:30:00;AUD;1;Westpac Consumer Sentiment;-4.2%;;-0.9%;;;
2022.04.12 22:00:00;NZD;3;Official Cash Rate;1.00%;1.25%;1.50%;;;
2022.04.12 22:00:00;NZD;3;RBNZ Rate Statement;;;;;;
2022.04.13 00:08:00;CNY;1;Trade Balance;739B;140B;301B;;;
2022.04.13 00:43:00;CNY;1;USD-Denominated Trade Balance;116.0B;22.0B;47.4B;;;
2022.04.13 02:00:00;GBP;3;CPI y/y;6.2%;6.7%;7.0%;;;
2022.04.13 02:00:00;GBP;1;Core CPI y/y;5.2%;5.3%;5.7%;;;
2022.04.13 02:00:00;GBP;1;PPI Input m/m;1.8%;2.0%;5.2%;;1.4%;
2022.04.13 02:00:00;GBP;1;PPI Output m/m;0.9%;1.2%;2.0%;;0.8%;
2022.04.13 02:00:00;GBP;1;RPI y/y;8.2%;8.8%;9.0%;;;
2022.04.13 02:15:00;JPY;2;BOJ Gov Kuroda Speaks;;;;;;
2022.04.13 04:00:00;EUR;1;Italian Industrial Production m/m;-3.4%;0.9%;4.0%;;;
2022.04.13 04:30:00;GBP;1;HPI y/y;10.2%;10.1%;10.9%;;9.6%;
2022.04.13 05:38:00;EUR;1;German 10-y Bond Auction;0.38|1.3;;0.83|1.3;;;
2022.04.13 08:30:00;USD;3;PPI m/m;0.8%;1.1%;1.4%;;;
2022.04.13 08:30:00;USD;2;Core PPI m/m;0.2%;0.5%;1.0%;;;
2022.04.13 10:00:00;CAD;3;BOC Monetary Policy Report;;;;;;
2022.04.13 10:00:00;CAD;3;BOC Rate Statement;;;;;;
2022.04.13 10:00:00;CAD;3;Overnight Rate;0.50%;1.00%;1.00%;;;
2022.04.13 10:30:00;USD;1;Crude Oil Inventories;2.4M;1.1M;9.4M;;;
2022.04.13 11:00:00;CAD;3;BOC Press Conference;;;;;;
2022.04.13 13:01:00;USD;2;30-y Bond Auction;2.38|2.5;;2.82|2.3;;;
2022.04.13 18:30:00;NZD;1;BusinessNZ Manufacturing Index;53.6;;53.8;;;
2022.04.13 19:01:00;GBP;1;RICS House Price Balance;78%;75%;74%;;79%;
2022.04.13 21:03:00;AUD;1;MI Inflation Expectations;4.9%;;5.2%;;;
2022.04.13 21:30:00;AUD;3;Employment Change;77.4K;30.0K;17.9K;;;
2022.04.13 21:30:00;AUD;3;Unemployment Rate;4.0%;3.9%;4.0%;;;
2022.04.14 02:30:00;CHF;1;PPI m/m;0.4%;1.1%;0.8%;;;
2022.04.14 03:02:00;CNY;1;Foreign Direct Investment ytd/y;37.9%;;25.6%;;;
2022.04.14 04:30:00;GBP;1;BOE Credit Conditions Survey;;;;;;
2022.04.14 07:45:00;EUR;3;Main Refinancing Rate;0.00%;0.00%;0.00%;;;
2022.04.14 07:45:00;EUR;3;Monetary Policy Statement;;;;;;
2022.04.14 08:30:00;CAD;1;Manufacturing Sales m/m;0.6%;3.6%;4.2%;;;
2022.04.14 08:30:00;CAD;1;Wholesale Sales m/m;4.2%;1.0%;-0.4%;;;
2022.04.14 08:30:00;EUR;3;ECB Press Conference;;;;;;
2022.04.14 08:30:00;USD;3;Core Retail Sales m/m;0.6%;1.0%;1.1%;;0.2%;
2022.04.14 08:30:00;USD;3;Retail Sales m/m;0.8%;0.6%;0.5%;;0.3%;
2022.04.14 08:30:00;USD;2;Unemployment Claims;167K;172K;185K;;166K;
2022.04.14 08:30:00;USD;1;Import Prices m/m;1.6%;2.3%;2.6%;;1.4%;
2022.04.14 09:30:00;GBP;1;CB Leading Index m/m;0.4%;;0.0%;;0.2%;
2022.04.14 10:00:00;USD;2;Prelim UoM Consumer Sentiment;59.4;59.1;65.7;;59.7;
2022.04.14 10:00:00;USD;1;Business Inventories m/m;1.3%;1.3%;1.5%;;1.1%;
2022.04.14 10:00:00;USD;1;Prelim UoM Inflation Expectations;5.4%;;5.4%;;;
2022.04.14 10:30:00;USD;1;Natural Gas Storage;-33B;15B;15B;;;
2022.04.14 15:50:00;USD;2;FOMC Member Mester Speaks;;;;;;
2022.04.14 15:50:00;NZD;0;Bank Holiday (All Day);;;;;;
2022.04.14 15:50:00;AUD;0;Bank Holiday (All Day);;;;;;
2022.04.15 00:00:00;CHF;0;Bank Holiday (All Day);;;;;;
2022.04.15 02:45:00;EUR;1;French Final CPI m/m;1.4%;1.4%;1.4%;;;
2022.04.15 02:45:00;GBP;0;Bank Holiday (All Day);;;;;;
2022.04.15 02:45:00;EUR;0;German Bank Holiday (All Day);;;;;;
2022.04.15 08:30:00;USD;2;Empire State Manufacturing Index;-11.8;0.9;24.6;;;
2022.04.15 08:30:00;CAD;0;Bank Holiday (All Day);;;;;;
2022.04.15 09:15:00;USD;1;Capacity Utilization Rate;77.6%;77.8%;78.3%;;;
2022.04.15 09:15:00;USD;1;Industrial Production m/m;0.5%;0.4%;0.9%;;;
2022.04.15 16:00:00;USD;1;TIC Long-Term Purchases;58.8B;103.5B;141.7B;;;
2022.04.17 00:00:00;NZD;0;Bank Holiday (All Day);;;;;;
2022.04.17 00:00:00;AUD;0;Bank Holiday (All Day);;;;;;
2022.04.17 22:00:00;CNY;3;GDP q/y;4.0%;4.2%;4.8%;;;
2022.04.17 22:00:00;CNY;2;Retail Sales y/y;6.7%;-3.0%;-3.5%;;;
2022.04.17 22:00:00;CNY;1;Fixed Asset Investment ytd/y;12.2%;8.5%;9.3%;;;
2022.04.17 22:00:00;CNY;1;Industrial Production y/y;7.5%;4.0%;5.0%;;;
2022.04.17 22:00:00;CNY;1;NBS Press Conference;;;;;;
2022.04.17 22:00:00;CNY;1;Unemployment Rate;5.5%;5.5%;5.8%;;;
2022.04.18 00:00:00;CHF;0;Bank Holiday (All Day);;;;;;
2022.04.18 00:00:00;GBP;0;Bank Holiday (All Day);;;;;;
2022.04.18 00:00:00;EUR;0;French Bank Holiday (All Day);;;;;;
2022.04.18 00:00:00;EUR;0;German Bank Holiday (All Day);;;;;;
2022.04.18 00:00:00;EUR;0;Italian Bank Holiday (All Day);;;;;;
2022.04.18 10:00:00;USD;1;NAHB Housing Market Index;79;77;77;;;
2022.04.18 10:00:00;All;1;IMF Meetings (Day 1);;;;;;
2022.04.18 16:00:00;NZD;3;RBNZ Gov Orr Speaks;;;;;;
2022.04.18 16:00:00;USD;2;FOMC Member Bullard Speaks;;;;;;
2022.04.18 18:30:00;NZD;1;BusinessNZ Services Index;48.9;;51.6;;48.6;
2022.04.18 21:30:00;AUD;2;Monetary Policy Meeting Minutes;;;;;;
2022.04.19 00:30:00;JPY;1;Revised Industrial Production m/m;0.1%;0.1%;2.0%;;;
2022.04.19 08:13:00;CAD;1;Housing Starts;250K;249K;246K;;247K;
2022.04.19 08:30:00;CAD;1;Foreign Securities Purchases;13.49B;15.23B;7.44B;;;
2022.04.19 08:30:00;USD;1;Building Permits;1.87M;1.83M;1.87M;;1.86M;
2022.04.19 08:30:00;USD;1;Housing Starts;1.79M;1.74M;1.79M;;1.77M;
2022.04.19 08:30:00;All;1;IMF Meetings (Day 2);;;;;;
2022.04.19 10:30:00;AUD;1;CB Leading Index m/m;-0.3%;;0.6%;;-0.4%;
2022.04.19 10:39:00;NZD;1;GDT Price Index;-1.0%;;-3.6%;;;
2022.04.19 12:30:00;CHF;2;SNB Chairman Jordan Speaks;;;;;;
2022.04.19 19:50:00;JPY;1;Trade Balance;-1.07T;-0.58T;-0.90T;;-1.03T;
2022.04.19 20:30:00;AUD;1;MI Leading Index m/m;0.4%;;0.3%;;-0.2%;
2022.04.20 00:30:00;JPY;1;Tertiary Industry Activity m/m;-0.2%;0.3%;-1.3%;;-0.7%;
2022.04.20 02:00:00;EUR;1;German PPI m/m;1.4%;2.7%;4.9%;;;
2022.04.20 04:00:00;EUR;1;Italian Trade Balance;-5.13B;-4.23B;-1.66B;;-5.05B;
2022.04.20 05:00:00;EUR;1;Industrial Production m/m;-0.7%;0.8%;0.7%;;0.0%;
2022.04.20 05:00:00;EUR;1;Trade Balance;-7.7B;-6.5B;-9.4B;;;
2022.04.20 08:30:00;CAD;3;CPI m/m;1.0%;0.9%;1.4%;;;
2022.04.20 08:30:00;CAD;2;Common CPI y/y;2.7%;2.7%;2.8%;;2.6%;
2022.04.20 08:30:00;CAD;2;Median CPI y/y;3.5%;3.5%;3.8%;;;
2022.04.20 08:30:00;CAD;2;Trimmed CPI y/y;4.4%;4.3%;4.7%;;4.3%;
2022.04.20 08:30:00;CAD;1;NHPI m/m;1.1%;0.7%;1.2%;;;
2022.04.20 08:30:00;EUR;1;German Buba President Nagel Speaks;;;;;;
2022.04.20 08:32:00;CAD;1;Core CPI m/m;0.8%;;1.0%;;;
2022.04.20 10:00:00;USD;2;Existing Home Sales;5.93M;5.78M;5.77M;;6.02M;
2022.04.20 10:00:00;All;1;IMF Meetings (Day 3);;;;;;
2022.04.20 10:30:00;USD;1;Crude Oil Inventories;9.4M;3.0M;-8.0M;;;
2022.04.20 10:30:00;All;2;G20 Meetings (All Day);;;;;;
2022.04.20 10:30:00;All;1;G7 Meetings (All Day);;;;;;
2022.04.20 14:00:00;USD;1;Beige Book;;;;;;
2022.04.20 18:45:00;NZD;3;CPI q/q;1.4%;2.0%;1.8%;;;
2022.04.21 04:40:00;EUR;1;Spanish 10-y Bond Auction;1.60|2.3;;1.74|1.3;;;
2022.04.21 05:00:00;EUR;1;Final CPI y/y;7.5%;7.5%;7.4%;;;
2022.04.21 05:00:00;EUR;1;Final Core CPI y/y;3.0%;3.0%;2.9%;;;
2022.04.21 08:30:00;USD;2;Philly Fed Manufacturing Index;27.4;21.5;17.6;;;
2022.04.21 08:30:00;USD;2;Unemployment Claims;186K;177K;184K;;185K;
2022.04.21 09:00:00;GBP;1;MPC Member Mann Speaks;;;;;;
2022.04.21 09:46:00;EUR;1;Consumer Confidence;-19;-20;-17;;;
2022.04.21 10:00:00;USD;1;CB Leading Index m/m;0.6%;0.3%;0.3%;;0.3%;
2022.04.21 10:00:00;All;1;IMF Meetings (Day 4);;;;;;
2022.04.21 10:30:00;USD;1;Natural Gas Storage;15B;40B;53B;;;
2022.04.21 11:00:00;USD;2;Fed Chair Powell Speaks;;;;;;
2022.04.21 12:30:00;GBP;3;BOE Gov Bailey Speaks;;;;;;
2022.04.21 13:00:00;EUR;2;ECB President Lagarde Speaks;;;;;;
2022.04.21 13:00:00;USD;3;Fed Chair Powell Speaks;;;;;;
2022.04.21 19:00:00;AUD;1;Flash Manufacturing PMI;57.7;;57.9;;57.3;
2022.04.21 19:00:00;AUD;1;Flash Services PMI;55.6;;56.6;;57.9;
2022.04.21 19:01:00;GBP;1;GfK Consumer Confidence;-31;-33;-38;;;
2022.04.21 19:30:00;JPY;1;National Core CPI y/y;0.6%;0.8%;0.8%;;;
2022.04.21 20:30:00;JPY;1;Flash Manufacturing PMI;54.1;53.3;53.4;;53.2;
2022.04.22 02:00:00;GBP;2;Retail Sales m/m;-0.5%;-0.3%;-1.4%;;-0.3%;
2022.04.22 03:15:00;EUR;2;French Flash Services PMI;57.4;56.4;58.8;;;
2022.04.22 03:15:00;EUR;1;French Flash Manufacturing PMI;54.7;53.7;55.4;;54.8;
2022.04.22 03:30:00;EUR;3;German Flash Manufacturing PMI;56.9;54.6;54.1;;57.6;
2022.04.22 03:30:00;EUR;3;German Flash Services PMI;56.1;55.4;57.9;;55.0;
2022.04.22 04:00:00;EUR;1;Current Account;21.6B;22.8B;20.8B;;22.6B;
2022.04.22 04:00:00;EUR;1;Flash Manufacturing PMI;56.5;54.9;55.3;;57.0;
2022.04.22 04:00:00;EUR;1;Flash Services PMI;55.6;55.0;57.7;;54.8;
2022.04.22 04:30:00;GBP;2;Flash Manufacturing PMI;55.2;53.9;55.3;;55.5;
2022.04.22 04:30:00;GBP;2;Flash Services PMI;62.6;59.9;58.3;;61.0;
2022.04.22 06:00:00;EUR;1;German Buba Monthly Report;;;;;;
2022.04.22 08:30:00;CAD;2;Core Retail Sales m/m;2.9%;0.4%;2.1%;;2.5%;
2022.04.22 08:30:00;CAD;2;Retail Sales m/m;3.3%;-0.4%;0.1%;;3.2%;
2022.04.22 08:30:00;CAD;1;IPPI m/m;2.6%;2.0%;4.0%;;3.1%;
2022.04.22 08:30:00;CAD;1;RMPI m/m;6.4%;7.1%;11.8%;;6.0%;
2022.04.22 09:00:00;EUR;2;ECB President Lagarde Speaks;;;;;;
2022.04.22 09:45:00;USD;2;Flash Manufacturing PMI;58.8;58.1;59.7;;58.5;
2022.04.22 09:45:00;USD;2;Flash Services PMI;58.0;58.0;54.7;;58.9;
2022.04.22 09:45:00;All;1;IMF Meetings (Day 5);;;;;;
2022.04.22 10:30:00;GBP;3;BOE Gov Bailey Speaks;;;;;;
2022.04.23 00:00:00;All;1;IMF Meetings (Day 6);;;;;;
2022.04.24 00:00:00;EUR;3;French Presidential Election (All Day);;;;;;
2022.04.24 00:00:00;All;1;IMF Meetings (Day 7);;;;;;
2022.04.24 00:00:00;NZD;0;Bank Holiday (All Day);;;;;;
2022.04.24 00:00:00;AUD;0;Bank Holiday (All Day);;;;;;
2022.04.24 19:01:00;GBP;1;Rightmove HPI m/m;1.7%;;1.6%;;;
2022.04.24 19:50:00;JPY;1;SPPI y/y;1.1%;1.2%;1.3%;;;
2022.04.25 00:00:00;EUR;0;Italian Bank Holiday (All Day);;;;;;
2022.04.25 04:00:00;EUR;2;German ifo Business Climate;90.8;88.3;91.8;;;
2022.04.25 06:00:00;GBP;1;CBI Industrial Order Expectations;26;24;14;;;
2022.04.25 08:58:00;EUR;1;Belgian NBB Business Climate;0.4;0.2;2.4;;;
2022.04.25 11:00:00;CAD;3;BOC Gov Macklem Speaks;;;;;;
2022.04.25 19:30:00;JPY;1;Unemployment Rate;2.7%;2.7%;2.6%;;;
2022.04.25 23:00:00;NZD;1;Credit Card Spending y/y;1.1%;;3.4%;;1.0%;
2022.04.26 01:00:00;JPY;1;BOJ Core CPI y/y;1.0%;1.1%;1.1%;;;
2022.04.26 02:00:00;CHF;1;Trade Balance;5.88B;6.23B;2.99B;;5.95B;
2022.04.26 02:00:00;GBP;1;Public Sector Net Borrowing;9.9B;14.2B;17.3B;;12.3B;
2022.04.26 08:30:00;USD;2;Core Durable Goods Orders m/m;-0.5%;0.5%;1.1%;;-0.6%;
2022.04.26 08:30:00;USD;2;Durable Goods Orders m/m;-2.1%;1.0%;0.8%;;-2.2%;
2022.04.26 08:55:00;CAD;1;Gov Council Member Lane Speaks;;;;;;
2022.04.26 09:00:00;USD;1;HPI m/m;1.6%;1.5%;2.1%;;;
2022.04.26 09:00:00;USD;1;SP/CS Composite-20 HPI y/y;18.9%;19.2%;20.2%;;19.1%;
2022.04.26 09:59:00;USD;1;Richmond Manufacturing Index;13;9;14;;;
2022.04.26 10:00:00;USD;2;CB Consumer Confidence;107.6;108.5;107.3;;107.2;
2022.04.26 10:00:00;USD;1;New Home Sales;835K;774K;763K;;772K;
2022.04.26 21:30:00;AUD;3;CPI q/q;1.3%;1.7%;2.1%;;;
2022.04.26 21:30:00;AUD;3;Trimmed Mean CPI q/q;1.0%;1.2%;1.4%;;;
2022.04.27 02:00:00;EUR;1;German GfK Consumer Climate;-15.7;-16.1;-26.5;;-15.5;
2022.04.27 04:00:00;CHF;1;Credit Suisse Economic Expectations;-27.8;;-51.6;;;
2022.04.27 06:00:00;GBP;1;CBI Realized Sales;9;-6;-35;;;
2022.04.27 08:30:00;USD;1;Goods Trade Balance;-106.3B;-105.0B;-125.3B;;-106.6B;
2022.04.27 08:30:00;USD;1;Prelim Wholesale Inventories m/m;2.5%;1.5%;2.3%;;2.1%;
2022.04.27 09:00:00;CNY;1;CB Leading Index m/m;0.5%;;-0.1%;;0.6%;
2022.04.27 10:00:00;USD;1;Pending Home Sales m/m;-4.0%;-1.0%;-1.2%;;-4.1%;
2022.04.27 10:30:00;USD;1;Crude Oil Inventories;-8.0M;0.1M;0.7M;;;
2022.04.27 12:00:00;EUR;2;ECB President Lagarde Speaks;;;;;;
2022.04.27 18:30:00;CAD;3;BOC Gov Macklem Speaks;;;;;;
2022.04.27 18:45:00;NZD;1;Trade Balance;-691M;-648M;-392M;;-385M;
2022.04.27 19:50:00;JPY;1;Prelim Industrial Production m/m;2.0%;0.5%;0.3%;;0.1%;
2022.04.27 19:50:00;JPY;1;Retail Sales y/y;-0.9%;0.3%;0.9%;;-0.8%;
2022.04.27 21:00:00;NZD;1;ANZ Business Confidence;-41.9;;-42.0;;;
2022.04.27 21:30:00;AUD;1;Import Prices q/q;5.8%;7.1%;5.1%;;;
2022.04.27 23:11:00;JPY;3;BOJ Outlook Report;;;;;;
2022.04.27 23:11:00;JPY;2;Monetary Policy Statement;;;;;;
2022.04.27 23:11:00;JPY;1;BOJ Policy Rate;-0.10%;-0.10%;-0.10%;;;
2022.04.28 00:59:00;JPY;1;Housing Starts y/y;6.3%;-0.5%;6.0%;;;
2022.04.28 00:59:00;EUR;1;German Prelim CPI m/m (All Day);2.5%;0.5%;0.8%;;;
2022.04.28 02:30:00;JPY;2;BOJ Press Conference;;;;;;
2022.04.28 03:00:00;EUR;1;Spanish Flash CPI y/y;9.8%;9.1%;8.4%;;;
2022.04.28 03:00:00;EUR;1;Spanish Unemployment Rate;13.3%;13.0%;13.6%;;;
2022.04.28 04:00:00;EUR;1;ECB Economic Bulletin;;;;;;
2022.04.28 08:30:00;USD;3;Advance GDP q/q;6.9%;1.1%;-1.4%;;;
2022.04.28 08:30:00;USD;2;Advance GDP Price Index q/q;7.1%;7.2%;8.0%;;6.9%;
2022.04.28 08:30:00;USD;2;Unemployment Claims;185K;178K;180K;;184K;
2022.04.28 10:30:00;USD;1;Natural Gas Storage;53B;39B;40B;;;
2022.04.28 10:30:00;JPY;0;Bank Holiday (All Day);;;;;;
2022.04.28 21:30:00;AUD;1;PPI q/q;1.3%;1.5%;1.6%;;;
2022.04.28 21:30:00;AUD;1;Private Sector Credit m/m;0.6%;0.6%;0.4%;;;
2022.04.29 01:30:00;EUR;1;French Consumer Spending m/m;0.9%;-0.3%;-1.3%;;0.8%;
2022.04.29 01:30:00;EUR;1;French Flash GDP q/q;0.8%;0.3%;0.0%;;0.7%;
2022.04.29 02:00:00;EUR;1;German Import Prices m/m;1.3%;3.5%;5.7%;;;
2022.04.29 02:00:00;GBP;1;Nationwide HPI m/m;1.1%;0.8%;0.3%;;;
2022.04.29 02:30:00;CHF;1;Retail Sales y/y;12.5%;13.3%;-6.6%;;12.8%;
2022.04.29 02:45:00;EUR;1;French Prelim CPI m/m;1.4%;0.2%;0.4%;;;
2022.04.29 03:00:00;CHF;1;KOF Economic Barometer;99.2;98.8;101.7;;99.7;
2022.04.29 03:00:00;EUR;1;Spanish Flash GDP q/q;2.2%;0.6%;0.3%;;2.0%;
2022.04.29 04:00:00;CHF;2;SNB Chairman Jordan Speaks;;;;;;
2022.04.29 04:00:00;EUR;2;German Prelim GDP q/q;-0.3%;0.2%;0.2%;;-0.7%;
2022.04.29 04:00:00;EUR;1;M3 Money Supply y/y;6.4%;6.2%;6.3%;;6.3%;
2022.04.29 04:00:00;EUR;1;Italian Prelim GDP q/q;0.7%;-0.2%;-0.2%;;0.6%;
2022.04.29 04:00:00;EUR;1;Private Loans y/y;4.4%;4.5%;4.5%;;;
2022.04.29 05:00:00;EUR;2;CPI Flash Estimate y/y;7.4%;7.5%;7.5%;;7.5%;
2022.04.29 05:00:00;EUR;1;Core CPI Flash Estimate y/y;2.9%;3.2%;3.5%;;3.0%;
2022.04.29 05:00:00;EUR;1;Italian Prelim CPI m/m;1.0%;0.4%;0.2%;;1.2%;
2022.04.29 05:00:00;EUR;1;Prelim Flash GDP q/q;0.3%;0.3%;0.2%;;;
2022.04.29 05:10:00;EUR;1;Italian 10-y Bond Auction;2.14|1.3;;2.78|1.3;;;
2022.04.29 08:30:00;CAD;2;GDP m/m;0.2%;0.8%;1.1%;;;
2022.04.29 08:30:00;USD;3;Core PCE Price Index m/m;0.3%;0.3%;0.3%;;0.4%;
2022.04.29 08:30:00;USD;1;Employment Cost Index q/q;1.0%;1.1%;1.4%;;;
2022.04.29 08:30:00;USD;1;Personal Income m/m;0.7%;0.4%;0.5%;;0.5%;
2022.04.29 08:30:00;USD;1;Personal Spending m/m;0.6%;0.7%;1.1%;;0.2%;
2022.04.29 09:45:00;USD;1;Chicago PMI;62.9;62.1;56.4;;;
2022.04.29 10:00:00;USD;2;Revised UoM Consumer Sentiment;65.7;65.8;65.2;;;
2022.04.29 10:00:00;USD;1;Revised UoM Inflation Expectations;5.4%;;5.4%;;;
2022.04.29 21:30:00;CNY;1;Manufacturing PMI;49.5;48.0;47.4;;;
2022.04.29 21:30:00;CNY;1;Non-Manufacturing PMI;48.4;46.1;41.9;;;
2022.04.29 21:45:00;CNY;1;Caixin Manufacturing PMI;48.1;47.0;46.0;;;
